NAME,DATA_TYPE,CENTER,SCHEDULE,WASTE,ROAD_TYPE,ROAD_NAME,NUM_TYPE,NUM,DISTRICT_CODE,DISTRICT,UTMX,UTMY
Punto Limpio de Proximidad Galileo 39,Punto Limpio de Proximidad,Centro Cultural Galileo *,Lunes a Viernes 8:30 a 21:30. Sábados y Domingos 9:30 a 20:30.,"Aceite vegetal de cocina (5 Litros)
Ropa y calzado usado (producción doméstica)
Cápsulas de café (producción doméstica)
Radiografías (50 unidades)
Aerosoles (5 unidades)
Pilas alcalinas, salinas y baterías usadas (producción doméstica)
Cartuchos de tinta y tóner (4 unidades)
Bombillas de bajo consumo y tubos fluorescentes (3 unidades)
CD´s, DVD´s, casetes... y sus embalajes (20 unidades)
Cintas de video (20 unidades)
Pequeños aparatos elécrtricos y electrónicos (RAEE´s): ebooks, MP3, MP4, MP5, Ipods, tablets, mandos de televisión, USB´s y teléfonos móviles, lectores de DVDs y CDs… (1 unidad) ",Calle,Galileo,Número,39,7,Chamberí,439737.14,4476140.05
Punto Limpio de Proximidad Concejo de Teverga 1,Punto Limpio de Proximidad,Centro Cultural Lope de Vega *,Lunes a Viernes 9:00 a 13:30 y de 17:00 a 19:00.,"Aceite vegetal de cocina (5 Litros)
Ropa y calzado usado (producción doméstica)
Cápsulas de café (producción doméstica)
Radiografías (50 unidades)
Aerosoles (5 unidades)
Pilas alcalinas, salinas y baterías usadas (producción doméstica)
Cartuchos de tinta y tóner (4 unidades)
Bombillas de bajo consumo y tubos fluorescentes (3 unidades)
CD´s, DVD´s, casetes... y sus embalajes (20 unidades)
Cintas de video (20 unidades)
Pequeños aparatos elécrtricos y electrónicos (RAEE´s): ebooks, MP3, MP4, MP5, Ipods, tablets, mandos de televisión, USB´s y teléfonos móviles, lectores de DVDs y CDs… (1 unidad) ",Calle,Concejo de Teverga,Número,1,13,Puente Vallecas,442995.89,4470873.96
Punto Limpio de Proximidad Princesa de Éboli 29,Punto Limpio de Proximidad,Centro Cultural Sanchinarro *,Lunes a Viernes 9:00 a 22:00. Sábados y Domingos 10:00 a 22:00.,"Aceite vegetal de cocina (5 Litros)
Ropa y calzado usado (producción doméstica)
Cápsulas de café (producción doméstica)
Radiografías (50 unidades)
Aerosoles (5 unidades)
Pilas alcalinas, salinas y baterías usadas (producción doméstica)
Cartuchos de tinta y tóner (4 unidades)
Bombillas de bajo consumo y tubos fluorescentes (3 unidades)
CD´s, DVD´s, casetes... y sus embalajes (20 unidades)
Cintas de video (20 unidades)
Pequeños aparatos elécrtricos y electrónicos (RAEE´s): ebooks, MP3, MP4, MP5, Ipods, tablets, mandos de televisión, USB´s y teléfonos móviles, lectores de DVDs y CDs… (1 unidad) ",Calle,Princesa de Éboli,Número,29,16,Hortaleza,444462.27,4482376.5
Punto Limpio de Proximidad Monseñor Oscar Romero 41,Punto Limpio de Proximidad,Centro Deportivo Municipal La Mina *,Lunes a Viernes 9:00 a 20:30. Sábados y Domingos  9:00 a 14:30.,"Aceite vegetal de cocina (5 Litros)
Ropa y calzado usado (producción doméstica)
Cápsulas de café (producción doméstica)
Radiografías (50 unidades)
Aerosoles (5 unidades)
Pilas alcalinas, salinas y baterías usadas (producción doméstica)
Cartuchos de tinta y tóner (4 unidades)
Bombillas de bajo consumo y tubos fluorescentes (3 unidades)
CD´s, DVD´s, casetes... y sus embalajes (20 unidades)
Cintas de video (20 unidades)
Pequeños aparatos elécrtricos y electrónicos (RAEE´s): ebooks, MP3, MP4, MP5, Ipods, tablets, mandos de televisión, USB´s y teléfonos móviles, lectores de DVDs y CDs… (1 unidad) ",Calle,Monseñor Oscar Romero,Número,41,11,Carabanchel,436628.76,4470466.57
Punto Limpio de Proximidad Puerto de Reinosa 2,Punto Limpio de Proximidad,Instalación Deportiva Básica Virgen de la Torre *,Lunes a Viernes 17:00 a 21:00. Sábados y Domingos 9:00 a 18:00.,"Aceite vegetal de cocina (5 Litros)
Ropa y calzado usado (producción doméstica)
Cápsulas de café (producción doméstica)
Radiografías (50 unidades)
Aerosoles (5 unidades)
Pilas alcalinas, salinas y baterías usadas (producción doméstica)
Cartuchos de tinta y tóner (4 unidades)
Bombillas de bajo consumo y tubos fluorescentes (3 unidades)
CD´s, DVD´s, casetes... y sus embalajes (20 unidades)
Cintas de video (20 unidades)
Pequeños aparatos elécrtricos y electrónicos (RAEE´s): ebooks, MP3, MP4, MP5, Ipods, tablets, mandos de televisión, USB´s y teléfonos móviles, lectores de DVDs y CDs… (1 unidad) ",Calle,Puerto de Reinosa,Número,2,18,Villa de Vallecas,447619.64,4469935.59
Punto Limpio de Proximidad Moncloa 1,Punto Limpio de Proximidad,Junta Municipal de Distrito de Moncloa-Aravaca *,Lunes a Jueves 8:30 a 15:00. Viernes 8:30 a 14:00. Sábados y Domingos cerrado,"Aceite vegetal de cocina (5 Litros)
Ropa y calzado usado (producción doméstica)
Cápsulas de café (producción doméstica)
Radiografías (50 unidades)
Aerosoles (5 unidades)
Pilas alcalinas, salinas y baterías usadas (producción doméstica)
Cartuchos de tinta y tóner (4 unidades)
Bombillas de bajo consumo y tubos fluorescentes (3 unidades)
CD´s, DVD´s, casetes... y sus embalajes (20 unidades)
Cintas de video (20 unidades)
Pequeños aparatos elécrtricos y electrónicos (RAEE´s): ebooks, MP3, MP4, MP5, Ipods, tablets, mandos de televisión, USB´s y teléfonos móviles, lectores de DVDs y CDs… (1 unidad) ",Plaza,Moncloa,Número,1,9,Moncloa-Aravaca,439054.11,4476324.29
Punto Limpio de Proximidad Alameda 15,Punto Limpio de Proximidad,Medialab-Prado *,Lunes 16:00 a 21:00. Martes a Viernes 10:00 a 21:00. Sábados 11:00 a 21:00.,"Aceite vegetal de cocina (5 Litros)
Ropa y calzado usado (producción doméstica)
Cápsulas de café (producción doméstica)
Radiografías (50 unidades)
Aerosoles (5 unidades)
Pilas alcalinas, salinas y baterías usadas (producción doméstica)
Cartuchos de tinta y tóner (4 unidades)
Bombillas de bajo consumo y tubos fluorescentes (3 unidades)
CD´s, DVD´s, casetes... y sus embalajes (20 unidades)
Cintas de video (20 unidades)
Pequeños aparatos elécrtricos y electrónicos (RAEE´s): ebooks, MP3, MP4, MP5, Ipods, tablets, mandos de televisión, USB´s y teléfonos móviles, lectores de DVDs y CDs… (1 unidad) ",Calle,Alameda,Número,15,1,Centro,441152.05,4473553.45
Punto Limpio de Proximidad Barceló 4,Punto Limpio de Proximidad,Parque Jardines Arquitecto Ribera *,"Todos los días, 24 horas. Situado en vía pública","Aceite vegetal de cocina (5 Litros)
Ropa y calzado usado (producción doméstica)
Cápsulas de café (producción doméstica)
Radiografías (50 unidades)
Aerosoles (5 unidades)
Pilas alcalinas, salinas y baterías usadas (producción doméstica)
Cartuchos de tinta y tóner (4 unidades)
Bombillas de bajo consumo y tubos fluorescentes (3 unidades)
CD´s, DVD´s, casetes... y sus embalajes (20 unidades)
Cintas de video (20 unidades)
Pequeños aparatos elécrtricos y electrónicos (RAEE´s): ebooks, MP3, MP4, MP5, Ipods, tablets, mandos de televisión, USB´s y teléfonos móviles, lectores de DVDs y CDs… (1 unidad) ",Calle,Barceló,Número,4,1,Centro,440719.17,4475360.72
Punto Limpio de Proximidad Zarza 20,Punto Limpio de Proximidad,Oficina auxiliar Atención a la Ciudadanía de Aravaca *,"Lunes a Viernes 8:30 a 14:00. Cerrado el mes de agosto, los sábados y los días 24 y 31 de diciembre","Aceite vegetal de cocina (5 Litros)
Ropa y calzado usado (producción doméstica)
Cápsulas de café (producción doméstica)
Radiografías (50 unidades)
Aerosoles (5 unidades)
Pilas alcalinas, salinas y baterías usadas (producción doméstica)
Cartuchos de tinta y tóner (4 unidades)
Bombillas de bajo consumo y tubos fluorescentes (3 unidades)
CD´s, DVD´s, casetes... y sus embalajes (20 unidades)
Cintas de video (20 unidades)
Pequeños aparatos elécrtricos y electrónicos (RAEE´s): ebooks, MP3, MP4, MP5, Ipods, tablets, mandos de televisión, USB´s y teléfonos móviles, lectores de DVDs y CDs… (1 unidad) ",Calle,Zarza,Número,20,9,Moncloa-Aravaca,433370.48,4478937
Punto Limpio de Proximidad Casino 3,Punto Limpio de Proximidad,Parque Casino de la Reina *,Lunes a Viernes 8:30 a 21:30. Sábados 10:00 a 15:00 y de 16:00 a 21:30.,"Aceite vegetal de cocina (5 Litros)
Ropa y calzado usado (producción doméstica)
Cápsulas de café (producción doméstica)
Radiografías (50 unidades)
Aerosoles (5 unidades)
Pilas alcalinas, salinas y baterías usadas (producción doméstica)
Cartuchos de tinta y tóner (4 unidades)
Bombillas de bajo consumo y tubos fluorescentes (3 unidades)
CD´s, DVD´s, casetes... y sus embalajes (20 unidades)
Cintas de video (20 unidades)
Pequeños aparatos elécrtricos y electrónicos (RAEE´s): ebooks, MP3, MP4, MP5, Ipods, tablets, mandos de televisión, USB´s y teléfonos móviles, lectores de DVDs y CDs… (1 unidad) ",Calle,Casino,Número,3,1,Centro,440177.22,4473143.78
Punto Limpio de Proximidad de la Chopera 10,Punto Limpio de Proximidad,Junta Municipal de Distrito de Arganzuela. Casa del Reloj,Lunes a Viernes 9:00 a 14:00,"Aceite vegetal de cocina (5 Litros)
Ropa y calzado usado (producción doméstica)
Cápsulas de café (producción doméstica)
Radiografías (50 unidades)
Aerosoles (5 unidades)
Pilas alcalinas, salinas y baterías usadas (producción doméstica)
Cartuchos de tinta y tóner (4 unidades)
Bombillas de bajo consumo y tubos fluorescentes (3 unidades)
CD´s, DVD´s, casetes... y sus embalajes (20 unidades)
Cintas de video (20 unidades)
Pequeños aparatos elécrtricos y electrónicos (RAEE´s): ebooks, MP3, MP4, MP5, Ipods, tablets, mandos de televisión, USB´s y teléfonos móviles, lectores de DVDs y CDs… (1 unidad) ",Paseo,de la Chopera,Número,10,2,Arganzuela,440716.19,4471658.16
Punto Limpio de Proximidad Canarias 17,Punto Limpio de Proximidad,Centro Dotacional Integral de Arganzuela.,Lunes a Sabado 9:00 a 21:00. Agosto cerrado,"Aceite vegetal de cocina (5 Litros)
Ropa y calzado usado (producción doméstica)
Cápsulas de café (producción doméstica)
Radiografías (50 unidades)
Aerosoles (5 unidades)
Pilas alcalinas, salinas y baterías usadas (producción doméstica)
Cartuchos de tinta y tóner (4 unidades)
Bombillas de bajo consumo y tubos fluorescentes (3 unidades)
CD´s, DVD´s, casetes... y sus embalajes (20 unidades)
Cintas de video (20 unidades)
Pequeños aparatos elécrtricos y electrónicos (RAEE´s): ebooks, MP3, MP4, MP5, Ipods, tablets, mandos de televisión, USB´s y teléfonos móviles, lectores de DVDs y CDs… (1 unidad) ",Calle,Canarias,Número,17,2,Arganzuela,440979.75,4472617.96
Punto Limpio de Proximidad Daoiz y Velarde 1,Punto Limpio de Proximidad,Junta Municipal Retiro - (fachada de Centro Deportivo),"Todos los días, 24 horas. Situado en vía pública","Aceite vegetal de cocina (5 Litros)
Ropa y calzado usado (producción doméstica)
Cápsulas de café (producción doméstica)
Radiografías (50 unidades)
Aerosoles (5 unidades)
Pilas alcalinas, salinas y baterías usadas (producción doméstica)
Cartuchos de tinta y tóner (4 unidades)
Bombillas de bajo consumo y tubos fluorescentes (3 unidades)
CD´s, DVD´s, casetes... y sus embalajes (20 unidades)
Cintas de video (20 unidades)
Pequeños aparatos elécrtricos y electrónicos (RAEE´s): ebooks, MP3, MP4, MP5, Ipods, tablets, mandos de televisión, USB´s y teléfonos móviles, lectores de DVDs y CDs… (1 unidad) ",Plaza,Daoiz y Velarde,Número,1,3,Retiro,442514.45,4472633.34
Punto Limpio de Proximidad Bravo Murillo 376,Punto Limpio de Proximidad,Centro Deportivo Triángulo de Oro,"Todos los días, 24 horas. Situado en vía pública","Aceite vegetal de cocina (5 Litros)
Ropa y calzado usado (producción doméstica)
Cápsulas de café (producción doméstica)
Radiografías (50 unidades)
Aerosoles (5 unidades)
Pilas alcalinas, salinas y baterías usadas (producción doméstica)
Cartuchos de tinta y tóner (4 unidades)
Bombillas de bajo consumo y tubos fluorescentes (3 unidades)
CD´s, DVD´s, casetes... y sus embalajes (20 unidades)
Cintas de video (20 unidades)
Pequeños aparatos elécrtricos y electrónicos (RAEE´s): ebooks, MP3, MP4, MP5, Ipods, tablets, mandos de televisión, USB´s y teléfonos móviles, lectores de DVDs y CDs… (1 unidad) ",Calle,Bravo Murillo,Número,376,6,Tetuán,441294.37,4479609.24
Punto Limpio de Proximidad Donoso 5,Punto Limpio de Proximidad,Centro Cultural Eduardo Úrkulo,"Mañanas, de lunes a viernes, de 9:30 a 13:30 y tardes, de lunes a jueves 16:30 a 18 horas.  Julio, de lunes a viernes, de 9:30 a 13:30 horas","Aceite vegetal de cocina (5 Litros)
Ropa y calzado usado (producción doméstica)
Cápsulas de café (producción doméstica)
Radiografías (50 unidades)
Aerosoles (5 unidades)
Pilas alcalinas, salinas y baterías usadas (producción doméstica)
Cartuchos de tinta y tóner (4 unidades)
Bombillas de bajo consumo y tubos fluorescentes (3 unidades)
CD´s, DVD´s, casetes... y sus embalajes (20 unidades)
Cintas de video (20 unidades)
Pequeños aparatos elécrtricos y electrónicos (RAEE´s): ebooks, MP3, MP4, MP5, Ipods, tablets, mandos de televisión, USB´s y teléfonos móviles, lectores de DVDs y CDs… (1 unidad) ",Plaza,Donoso,Número,5,6,Tetuán,440862.56,4480048.22
Punto Limpio de Proximidad Colonia Marconi 4,Punto Limpio de Proximidad,Centro Cultural Marconi,"lunes a jueves de 9:30 a 13:30 y de 16:30 a 19:30 y viernes de 9:30 a 13:30 horas.  Durante el mes de  julio el horario será de 9 a 14 horas, de lunes a viernes.","Aceite vegetal de cocina (5 Litros)
Ropa y calzado usado (producción doméstica)
Cápsulas de café (producción doméstica)
Radiografías (50 unidades)
Aerosoles (5 unidades)
Pilas alcalinas, salinas y baterías usadas (producción doméstica)
Cartuchos de tinta y tóner (4 unidades)
Bombillas de bajo consumo y tubos fluorescentes (3 unidades)
CD´s, DVD´s, casetes... y sus embalajes (20 unidades)
Cintas de video (20 unidades)
Pequeños aparatos elécrtricos y electrónicos (RAEE´s): ebooks, MP3, MP4, MP5, Ipods, tablets, mandos de televisión, USB´s y teléfonos móviles, lectores de DVDs y CDs… (1 unidad) ",Acceso,Colonia Marconi,Número,4,17,Villaverde,440472.62,4465148.6
Punto Limpio de Proximidad Rafaela Ybarra 41,Punto Limpio de Proximidad,Junta Municipal Usera,"Todos los días, 24 horas. Situado en vía pública","Aceite vegetal de cocina (5 Litros)
Ropa y calzado usado (producción doméstica)
Cápsulas de café (producción doméstica)
Radiografías (50 unidades)
Aerosoles (5 unidades)
Pilas alcalinas, salinas y baterías usadas (producción doméstica)
Cartuchos de tinta y tóner (4 unidades)
Bombillas de bajo consumo y tubos fluorescentes (3 unidades)
CD´s, DVD´s, casetes... y sus embalajes (20 unidades)
Cintas de video (20 unidades)
Pequeños aparatos elécrtricos y electrónicos (RAEE´s): ebooks, MP3, MP4, MP5, Ipods, tablets, mandos de televisión, USB´s y teléfonos móviles, lectores de DVDs y CDs… (1 unidad) ",Avendia,Rafaela Ybarra,Número,41,12,Usera,439660.68,4470442.34
Punto Limpio de Proximidad Catorce Olivas 1,Punto Limpio de Proximidad,CDM Francisco Fernández Ochoa,"De lunes a viernes: de 8 a 21,30 horas.     Sábados, domingos y festivos: de 9 a 20 horas.","Aceite vegetal de cocina (5 Litros)
Ropa y calzado usado (producción doméstica)
Cápsulas de café (producción doméstica)
Radiografías (50 unidades)
Aerosoles (5 unidades)
Pilas alcalinas, salinas y baterías usadas (producción doméstica)
Cartuchos de tinta y tóner (4 unidades)
Bombillas de bajo consumo y tubos fluorescentes (3 unidades)
CD´s, DVD´s, casetes... y sus embalajes (20 unidades)
Cintas de video (20 unidades)
Pequeños aparatos elécrtricos y electrónicos (RAEE´s): ebooks, MP3, MP4, MP5, Ipods, tablets, mandos de televisión, USB´s y teléfonos móviles, lectores de DVDs y CDs… (1 unidad) ",Calle,Catorce Olivas,Número,1,11,Carabanchel,437098.04,4468624.91
Punto Limpio de Proximidad Monforte de  Lemos 13,Punto Limpio de Proximidad,Centro Deportivo Municipal  Vicente del Bosque," lunes a domingo y festivos, de 8,30 a 20,30 horas. Cerrado  Los días 24, 25 y 31 de diciembre, 1 de enero y 1 de mayo","Aceite vegetal de cocina (5 Litros)
Ropa y calzado usado (producción doméstica)
Cápsulas de café (producción doméstica)
Radiografías (50 unidades)
Aerosoles (5 unidades)
Pilas alcalinas, salinas y baterías usadas (producción doméstica)
Cartuchos de tinta y tóner (4 unidades)
Bombillas de bajo consumo y tubos fluorescentes (3 unidades)
CD´s, DVD´s, casetes... y sus embalajes (20 unidades)
Cintas de video (20 unidades)
Pequeños aparatos elécrtricos y electrónicos (RAEE´s): ebooks, MP3, MP4, MP5, Ipods, tablets, mandos de televisión, USB´s y teléfonos móviles, lectores de DVDs y CDs… (1 unidad) ",Avenida,Monforte de  Lemos,Número,13,8,Fuencarral,441216.13,4481146.42
Punto Limpio de Proximidad Pradillo 33,Punto Limpio de Proximidad,Centro Deportivo Municipal  de Pradillo," lunes a viernes: de 8,45 a 20,30 horas. •Sábados y domingos: de 8,45 a 14,15 horas. Festivos y días 24 y 31 de diciembre","Aceite vegetal de cocina (5 Litros)
Ropa y calzado usado (producción doméstica)
Cápsulas de café (producción doméstica)
Radiografías (50 unidades)
Aerosoles (5 unidades)
Pilas alcalinas, salinas y baterías usadas (producción doméstica)
Cartuchos de tinta y tóner (4 unidades)
Bombillas de bajo consumo y tubos fluorescentes (3 unidades)
CD´s, DVD´s, casetes... y sus embalajes (20 unidades)
Cintas de video (20 unidades)
Pequeños aparatos elécrtricos y electrónicos (RAEE´s): ebooks, MP3, MP4, MP5, Ipods, tablets, mandos de televisión, USB´s y teléfonos móviles, lectores de DVDs y CDs… (1 unidad) ",Calle,Pradillo,Número,33,5,Chamartín,443048.99,4477822.76
Punto Limpio de Proximidad Los Rosales 133,Punto Limpio de Proximidad,Centro Cultural  Los Rosales,lunes a jueves de 9:30 a 13:30 y de 17 a 19 y viernes de 9:30 a 13:30 horas.  Durante el mes de julio el horario será de 9 a 14 horas.,"Aceite vegetal de cocina (5 Litros)
Ropa y calzado usado (producción doméstica)
Cápsulas de café (producción doméstica)
Radiografías (50 unidades)
Aerosoles (5 unidades)
Pilas alcalinas, salinas y baterías usadas (producción doméstica)
Cartuchos de tinta y tóner (4 unidades)
Bombillas de bajo consumo y tubos fluorescentes (3 unidades)
CD´s, DVD´s, casetes... y sus embalajes (20 unidades)
Cintas de video (20 unidades)
Pequeños aparatos elécrtricos y electrónicos (RAEE´s): ebooks, MP3, MP4, MP5, Ipods, tablets, mandos de televisión, USB´s y teléfonos móviles, lectores de DVDs y CDs… (1 unidad) ",Avenida,Los Rosales,Número,133,17,Villaverde,442482.98,4466908.64
Punto Limpio de Proximidad Glorietas 19,Punto Limpio de Proximidad,Centro Cultural El Pozo del Tío Raimundo,"Lunes a viernes, de 9 a 13:45 y de 17 a 18:45 horas. Agosto cerrado","Aceite vegetal de cocina (5 Litros)
Ropa y calzado usado (producción doméstica)
Cápsulas de café (producción doméstica)
Radiografías (50 unidades)
Aerosoles (5 unidades)
Pilas alcalinas, salinas y baterías usadas (producción doméstica)
Cartuchos de tinta y tóner (4 unidades)
Bombillas de bajo consumo y tubos fluorescentes (3 unidades)
CD´s, DVD´s, casetes... y sus embalajes (20 unidades)
Cintas de video (20 unidades)
Pequeños aparatos elécrtricos y electrónicos (RAEE´s): ebooks, MP3, MP4, MP5, Ipods, tablets, mandos de televisión, USB´s y teléfonos móviles, lectores de DVDs y CDs… (1 unidad) ",Avenida,Glorietas,Número,19,13,Puente Vallecas,443976.61,4469457.58
Punto Limpio de Proximidad Moreja 11,Punto Limpio de Proximidad,Polideportivo Orcasur," lunes a viernes, de 8,45 a 20,30 horas •Sábados, domingos y festivos, de 8,45 a 14,30 horas.  Cerrado  mes de agosto y los días 24, 25 y 31 de diciembre, 1 de enero y 1 de mayo","Aceite vegetal de cocina (5 Litros)
Ropa y calzado usado (producción doméstica)
Cápsulas de café (producción doméstica)
Radiografías (50 unidades)
Aerosoles (5 unidades)
Pilas alcalinas, salinas y baterías usadas (producción doméstica)
Cartuchos de tinta y tóner (4 unidades)
Bombillas de bajo consumo y tubos fluorescentes (3 unidades)
CD´s, DVD´s, casetes... y sus embalajes (20 unidades)
Cintas de video (20 unidades)
Pequeños aparatos elécrtricos y electrónicos (RAEE´s): ebooks, MP3, MP4, MP5, Ipods, tablets, mandos de televisión, USB´s y teléfonos móviles, lectores de DVDs y CDs… (1 unidad) ",Calle,Moreja,Número,11,12,Usera,440728.52,4468851.13
Punto Limpio de Proximidad Alcalde Sainz de Baranda 94,Punto Limpio de Proximidad,Centro Deportivo Municipal  Torrespaña,lunes a domingo: de 9:00 a 22:00,"Aceite vegetal de cocina (5 Litros)
Ropa y calzado usado (producción doméstica)
Cápsulas de café (producción doméstica)
Radiografías (50 unidades)
Aerosoles (5 unidades)
Pilas alcalinas, salinas y baterías usadas (producción doméstica)
Cartuchos de tinta y tóner (4 unidades)
Bombillas de bajo consumo y tubos fluorescentes (3 unidades)
CD´s, DVD´s, casetes... y sus embalajes (20 unidades)
Cintas de video (20 unidades)
Pequeños aparatos elécrtricos y electrónicos (RAEE´s): ebooks, MP3, MP4, MP5, Ipods, tablets, mandos de televisión, USB´s y teléfonos móviles, lectores de DVDs y CDs… (1 unidad) ",Calle,Alcalde Sainz de Baranda,Número,94,4,Salamanca,443945.18,4474719.62
Punto Limpio de Proximidad San Román del Valle 8,Punto Limpio de Proximidad,Centro Cultural  Antonio Machado,"De lunes a viernes, de 10 a 13:30 y de 17 a 18:30 horas. Cerrado  Agosto","Aceite vegetal de cocina (5 Litros)
Ropa y calzado usado (producción doméstica)
Cápsulas de café (producción doméstica)
Radiografías (50 unidades)
Aerosoles (5 unidades)
Pilas alcalinas, salinas y baterías usadas (producción doméstica)
Cartuchos de tinta y tóner (4 unidades)
Bombillas de bajo consumo y tubos fluorescentes (3 unidades)
CD´s, DVD´s, casetes... y sus embalajes (20 unidades)
Cintas de video (20 unidades)
Pequeños aparatos elécrtricos y electrónicos (RAEE´s): ebooks, MP3, MP4, MP5, Ipods, tablets, mandos de televisión, USB´s y teléfonos móviles, lectores de DVDs y CDs… (1 unidad) ",Calle,San Román del Valle,Número,8,20,San Blas,447255.91,4474591.58
Punto Limpio de Proximidad Fuentidueña 6,Punto Limpio de Proximidad,Centro Deportivo Municipal  Miguel Guillen Prim,"Lunes a viernes, de 9 a 21 horas. •Sábados, domingos y festivos. Cerrado Mes agosto y durante los días 24, 25 y 31 de diciembre, 1 de enero y 1 de mayo.","Aceite vegetal de cocina (5 Litros)
Ropa y calzado usado (producción doméstica)
Cápsulas de café (producción doméstica)
Radiografías (50 unidades)
Aerosoles (5 unidades)
Pilas alcalinas, salinas y baterías usadas (producción doméstica)
Cartuchos de tinta y tóner (4 unidades)
Bombillas de bajo consumo y tubos fluorescentes (3 unidades)
CD´s, DVD´s, casetes... y sus embalajes (20 unidades)
Cintas de video (20 unidades)
Pequeños aparatos elécrtricos y electrónicos (RAEE´s): ebooks, MP3, MP4, MP5, Ipods, tablets, mandos de televisión, USB´s y teléfonos móviles, lectores de DVDs y CDs… (1 unidad) ",Calle,Fuentidueña,Número,6,18,Villa vallecas,447099.98,4469435.96
Punto Limpio de Proximidad Hierbabuena 2,Punto Limpio de Proximidad,Centro Deportivo Municipal  Playa Victoria," lunes a viernes: de 8,30 a 21 horas. •Sábados y festivos: de 9 a 14 horas. Cerrado  Domingos: cerrado Días 24, 25 y 31 de diciembre, 1 de enero y 1 de mayo.","Aceite vegetal de cocina (5 Litros)
Ropa y calzado usado (producción doméstica)
Cápsulas de café (producción doméstica)
Radiografías (50 unidades)
Aerosoles (5 unidades)
Pilas alcalinas, salinas y baterías usadas (producción doméstica)
Cartuchos de tinta y tóner (4 unidades)
Bombillas de bajo consumo y tubos fluorescentes (3 unidades)
CD´s, DVD´s, casetes... y sus embalajes (20 unidades)
Cintas de video (20 unidades)
Pequeños aparatos elécrtricos y electrónicos (RAEE´s): ebooks, MP3, MP4, MP5, Ipods, tablets, mandos de televisión, USB´s y teléfonos móviles, lectores de DVDs y CDs… (1 unidad) ",Calle,Hierbabuena,Número,2,6,Tetuán,440472.27,4478972.37
Punto Limpio de Proximidad Mar de las Antillas 2,Punto Limpio de Proximidad,Parque Huerta de la Salud,"Todos los días, 24 horas. Situado en vía pública","Aceite vegetal de cocina (5 Litros)
Ropa y calzado usado (producción doméstica)
Cápsulas de café (producción doméstica)
Radiografías (50 unidades)
Aerosoles (5 unidades)
Pilas alcalinas, salinas y baterías usadas (producción doméstica)
Cartuchos de tinta y tóner (4 unidades)
Bombillas de bajo consumo y tubos fluorescentes (3 unidades)
CD´s, DVD´s, casetes... y sus embalajes (20 unidades)
Cintas de video (20 unidades)
Pequeños aparatos elécrtricos y electrónicos (RAEE´s): ebooks, MP3, MP4, MP5, Ipods, tablets, mandos de televisión, USB´s y teléfonos móviles, lectores de DVDs y CDs… (1 unidad) ",Calle,Mar de las Antillas,Número,2,16,Hortaleza,445310.66,4480541.99
Punto Limpio de Proximidad Camino De Santiago 25,Punto Limpio de Proximidad,Padel y Ténis las Tablas,lunes a domingo: de 9:00 a 22:00,"Aceite vegetal de cocina (5 Litros)
Ropa y calzado usado (producción doméstica)
Cápsulas de café (producción doméstica)
Radiografías (50 unidades)
Aerosoles (5 unidades)
Pilas alcalinas, salinas y baterías usadas (producción doméstica)
Cartuchos de tinta y tóner (4 unidades)
Bombillas de bajo consumo y tubos fluorescentes (3 unidades)
CD´s, DVD´s, casetes... y sus embalajes (20 unidades)
Cintas de video (20 unidades)
Pequeños aparatos elécrtricos y electrónicos (RAEE´s): ebooks, MP3, MP4, MP5, Ipods, tablets, mandos de televisión, USB´s y teléfonos móviles, lectores de DVDs y CDs… (1 unidad) ",Avenida,Camino De Santiago,Número,25,8,Fuencarral,442884.93,4483775.52
Punto Limpio de Proximidad Logroño 179,Punto Limpio de Proximidad,Centro Cultural Gloria Fuertes,"De lunes a viernes, de 9 a 14 y de 17 a 19 horas.","Aceite vegetal de cocina (5 Litros)
Ropa y calzado usado (producción doméstica)
Cápsulas de café (producción doméstica)
Radiografías (50 unidades)
Aerosoles (5 unidades)
Pilas alcalinas, salinas y baterías usadas (producción doméstica)
Cartuchos de tinta y tóner (4 unidades)
Bombillas de bajo consumo y tubos fluorescentes (3 unidades)
CD´s, DVD´s, casetes... y sus embalajes (20 unidades)
Cintas de video (20 unidades)
Pequeños aparatos elécrtricos y electrónicos (RAEE´s): ebooks, MP3, MP4, MP5, Ipods, tablets, mandos de televisión, USB´s y teléfonos móviles, lectores de DVDs y CDs… (1 unidad) ",Avenida,Logroño,Número,179,21,Barajas,449666.56,4479054.1
Punto Limpio de Proximidad Brunete 1,Punto Limpio de Proximidad,Instalación Deportiva Municipal Básica Brunete,Todos los días de 9:00 a 22 horas,"Aceite vegetal de cocina (5 Litros)
Ropa y calzado usado (producción doméstica)
Cápsulas de café (producción doméstica)
Radiografías (50 unidades)
Aerosoles (5 unidades)
Pilas alcalinas, salinas y baterías usadas (producción doméstica)
Cartuchos de tinta y tóner (4 unidades)
Bombillas de bajo consumo y tubos fluorescentes (3 unidades)
CD´s, DVD´s, casetes... y sus embalajes (20 unidades)
Cintas de video (20 unidades)
Pequeños aparatos elécrtricos y electrónicos (RAEE´s): ebooks, MP3, MP4, MP5, Ipods, tablets, mandos de televisión, USB´s y teléfonos móviles, lectores de DVDs y CDs… (1 unidad) ",Calle,Brunete,Número,1,8,Fuencarral,434449.09,4485392.88
Punto Limpio de Proximidad Alonso Cano 10,Punto Limpio de Proximidad,Mercado Municipal Chamberí,De lunes a viernes de 9:30 a 14:30 y de 17:30 a 20:30 horas. Sábado de 9:30 a 14:30 horas.,"Aceite vegetal de cocina (5 Litros)
Ropa y calzado usado (producción doméstica)
Cápsulas de café (producción doméstica)
Radiografías (50 unidades)
Aerosoles (5 unidades)
Pilas alcalinas, salinas y baterías usadas (producción doméstica)
Cartuchos de tinta y tóner (4 unidades)
Bombillas de bajo consumo y tubos fluorescentes (3 unidades)
CD´s, DVD´s, casetes... y sus embalajes (20 unidades)
Cintas de video (20 unidades)
Pequeños aparatos elécrtricos y electrónicos (RAEE´s): ebooks, MP3, MP4, MP5, Ipods, tablets, mandos de televisión, USB´s y teléfonos móviles, lectores de DVDs y CDs… (1 unidad) ",Calle,Alonso Cano,Número,10,7,Chamberí,440810.57,4476411.93
Punto Limpio de Proximidad Esfinge 35,Punto Limpio de Proximidad,Centro Municipal de Mayores Canillejas,Lunes a viernes: de 9:30 a 14:00 y de 16:00 a 20:30 h.,"Aceite vegetal de cocina (5 Litros)
Ropa y calzado usado (producción doméstica)
Cápsulas de café (producción doméstica)
Radiografías (50 unidades)
Aerosoles (5 unidades)
Pilas alcalinas, salinas y baterías usadas (producción doméstica)
Cartuchos de tinta y tóner (4 unidades)
Bombillas de bajo consumo y tubos fluorescentes (3 unidades)
CD´s, DVD´s, casetes... y sus embalajes (20 unidades)
Cintas de video (20 unidades)
Pequeños aparatos elécrtricos y electrónicos (RAEE´s): ebooks, MP3, MP4, MP5, Ipods, tablets, mandos de televisión, USB´s y teléfonos móviles, lectores de DVDs y CDs… (1 unidad) ",Calle,Esfinge,Número,35,20,San Blas,448329.56,4477170.1
Punto Limpio de Proximidad Francisco Rioja 10,Punto Limpio de Proximidad,Centro Deportivo Municipal  Pueblo Nuevo,"De lunes a viernes, de 9 a 20:30 horas (de septiembre a julio). Cerrado Festivos","Aceite vegetal de cocina (5 Litros)
Ropa y calzado usado (producción doméstica)
Cápsulas de café (producción doméstica)
Radiografías (50 unidades)
Aerosoles (5 unidades)
Pilas alcalinas, salinas y baterías usadas (producción doméstica)
Cartuchos de tinta y tóner (4 unidades)
Bombillas de bajo consumo y tubos fluorescentes (3 unidades)
CD´s, DVD´s, casetes... y sus embalajes (20 unidades)
Cintas de video (20 unidades)
Pequeños aparatos elécrtricos y electrónicos (RAEE´s): ebooks, MP3, MP4, MP5, Ipods, tablets, mandos de televisión, USB´s y teléfonos móviles, lectores de DVDs y CDs… (1 unidad) ",Calle,Francisco Rioja,Número,10,15,Ciudad Lineal,448329.56,4477170.1
Punto Limpio de Proximidad Daroca 54 A,Punto Limpio de Proximidad,CMM Manuel Alexandre,Invierno: de 9 a 21 horas;  Verano: de 9 a 21 horas,"Aceite vegetal de cocina (5 Litros)
Ropa y calzado usado (producción doméstica)
Cápsulas de café (producción doméstica)
Radiografías (50 unidades)
Aerosoles (5 unidades)
Pilas alcalinas, salinas y baterías usadas (producción doméstica)
Cartuchos de tinta y tóner (4 unidades)
Bombillas de bajo consumo y tubos fluorescentes (3 unidades)
CD´s, DVD´s, casetes... y sus embalajes (20 unidades)
Cintas de video (20 unidades)
Pequeños aparatos elécrtricos y electrónicos (RAEE´s): ebooks, MP3, MP4, MP5, Ipods, tablets, mandos de televisión, USB´s y teléfonos móviles, lectores de DVDs y CDs… (1 unidad) ",Avenida,Daroca,Número,54 A,15,Ciudad Lineal,445808.41,4475668.26
Punto Limpio de Proximidad Arroyo Belincoso 11,Punto Limpio de Proximidad,Biblioteca Miguel Delibes,"Todos los días, 24 horas. Situado en vía pública","Aceite vegetal de cocina (5 Litros)
Ropa y calzado usado (producción doméstica)
Cápsulas de café (producción doméstica)
Radiografías (50 unidades)
Aerosoles (5 unidades)
Pilas alcalinas, salinas y baterías usadas (producción doméstica)
Cartuchos de tinta y tóner (4 unidades)
Bombillas de bajo consumo y tubos fluorescentes (3 unidades)
CD´s, DVD´s, casetes... y sus embalajes (20 unidades)
Cintas de video (20 unidades)
Pequeños aparatos elécrtricos y electrónicos (RAEE´s): ebooks, MP3, MP4, MP5, Ipods, tablets, mandos de televisión, USB´s y teléfonos móviles, lectores de DVDs y CDs… (1 unidad) ",Calle,Arroyo Belincoso,Número,11,14,Moratalaz,444505.84,4475623.91
Punto Limpio de Proximidad Alianza 4,Punto Limpio de Proximidad,Centro Deportivo Municipal  Felix Rubio,"Para saber el horario de apertura de las distintas instalaciones del centro deportivo, les rogamos lo consulten con el propio centro. Cerrado mes de agosto y los días 24, 25 y 31 de diciembre, 1 de enero y 1 de mayo.","Aceite vegetal de cocina (5 Litros)
Ropa y calzado usado (producción doméstica)
Cápsulas de café (producción doméstica)
Radiografías (50 unidades)
Aerosoles (5 unidades)
Pilas alcalinas, salinas y baterías usadas (producción doméstica)
Cartuchos de tinta y tóner (4 unidades)
Bombillas de bajo consumo y tubos fluorescentes (3 unidades)
CD´s, DVD´s, casetes... y sus embalajes (20 unidades)
Cintas de video (20 unidades)
Pequeños aparatos elécrtricos y electrónicos (RAEE´s): ebooks, MP3, MP4, MP5, Ipods, tablets, mandos de televisión, USB´s y teléfonos móviles, lectores de DVDs y CDs… (1 unidad) ",Calle,Alianza,Número,4,17,Villaverde,444606.01,4473441.99
Punto Limpio de Proximidad Rafael Finat 47,Punto Limpio de Proximidad,Centro Municipal La Tercera Ciudad de Mejico,Lunes a viernes: de 9 a 21 horas. Fines de semana y festivos: de 10 a 14 horas y de 16 a 21 horas,"Aceite vegetal de cocina (5 Litros)
Ropa y calzado usado (producción doméstica)
Cápsulas de café (producción doméstica)
Radiografías (50 unidades)
Aerosoles (5 unidades)
Pilas alcalinas, salinas y baterías usadas (producción doméstica)
Cartuchos de tinta y tóner (4 unidades)
Bombillas de bajo consumo y tubos fluorescentes (3 unidades)
CD´s, DVD´s, casetes... y sus embalajes (20 unidades)
Cintas de video (20 unidades)
Pequeños aparatos elécrtricos y electrónicos (RAEE´s): ebooks, MP3, MP4, MP5, Ipods, tablets, mandos de televisión, USB´s y teléfonos móviles, lectores de DVDs y CDs… (1 unidad) ",Calle,Rafael Finat,Número,47,10,Latina,441281.51,4467659.97
Punto Limpio de Proximidad Camarena 10,Punto Limpio de Proximidad,Centro Cultural  Fernando de los Ríos,"De lunes a viernes, de 9 a 14 y de 16 a 18 horas: Julio, de lunes a viernes, de 9 a 14 horas.","Aceite vegetal de cocina (5 Litros)
Ropa y calzado usado (producción doméstica)
Cápsulas de café (producción doméstica)
Radiografías (50 unidades)
Aerosoles (5 unidades)
Pilas alcalinas, salinas y baterías usadas (producción doméstica)
Cartuchos de tinta y tóner (4 unidades)
Bombillas de bajo consumo y tubos fluorescentes (3 unidades)
CD´s, DVD´s, casetes... y sus embalajes (20 unidades)
Cintas de video (20 unidades)
Pequeños aparatos elécrtricos y electrónicos (RAEE´s): ebooks, MP3, MP4, MP5, Ipods, tablets, mandos de televisión, USB´s y teléfonos móviles, lectores de DVDs y CDs… (1 unidad) ",Calle,Camarena,Número,10,10,Latina,435789.54,4471956.62
Punto Limpio de Proximidad Santander 2,Punto Limpio de Proximidad,Polideportivo Vallerhermoso,"Todos los días, 24 horas. Situado en vía pública","Aceite vegetal de cocina (5 Litros)
Ropa y calzado usado (producción doméstica)
Cápsulas de café (producción doméstica)
Radiografías (50 unidades)
Aerosoles (5 unidades)
Pilas alcalinas, salinas y baterías usadas (producción doméstica)
Cartuchos de tinta y tóner (4 unidades)
Bombillas de bajo consumo y tubos fluorescentes (3 unidades)
CD´s, DVD´s, casetes... y sus embalajes (20 unidades)
Cintas de video (20 unidades)
Pequeños aparatos elécrtricos y electrónicos (RAEE´s): ebooks, MP3, MP4, MP5, Ipods, tablets, mandos de televisión, USB´s y teléfonos móviles, lectores de DVDs y CDs… (1 unidad) ",Calle,Santander,Número,2,7,Chamberí,439838.4,4477151.83
Punto Limpio de Proximidad Ladera de los Almentdros 2,Punto Limpio de Proximidad,Centro Deportivo Municipal  Faustina Valladolid,"De lunes a domingo, de 9 a 20:30 horas. Cerrado festivos, y fines de semana del mes agosto Los días 24, 25 y 31 de diciembre, 1 de enero y 1 de mayo.","Aceite vegetal de cocina (5 Litros)
Ropa y calzado usado (producción doméstica)
Cápsulas de café (producción doméstica)
Radiografías (50 unidades)
Aerosoles (5 unidades)
Pilas alcalinas, salinas y baterías usadas (producción doméstica)
Cartuchos de tinta y tóner (4 unidades)
Bombillas de bajo consumo y tubos fluorescentes (3 unidades)
CD´s, DVD´s, casetes... y sus embalajes (20 unidades)
Cintas de video (20 unidades)
Pequeños aparatos elécrtricos y electrónicos (RAEE´s): ebooks, MP3, MP4, MP5, Ipods, tablets, mandos de televisión, USB´s y teléfonos móviles, lectores de DVDs y CDs… (1 unidad) ",Calle,Ladera de los Almentdros,Número,2,19,Vicálvaro,447145.03,4472806.51
Punto Limpio de Proximidad Indalecio Prieto 21,Punto Limpio de Proximidad,Centro Cultural Valdebernardo - Biblioteca Francisco Ayala,"Todos los días, 24 horas. Situado en vía pública","Aceite vegetal de cocina (5 Litros)
Ropa y calzado usado (producción doméstica)
Cápsulas de café (producción doméstica)
Radiografías (50 unidades)
Aerosoles (5 unidades)
Pilas alcalinas, salinas y baterías usadas (producción doméstica)
Cartuchos de tinta y tóner (4 unidades)
Bombillas de bajo consumo y tubos fluorescentes (3 unidades)
CD´s, DVD´s, casetes... y sus embalajes (20 unidades)
Cintas de video (20 unidades)
Pequeños aparatos elécrtricos y electrónicos (RAEE´s): ebooks, MP3, MP4, MP5, Ipods, tablets, mandos de televisión, USB´s y teléfonos móviles, lectores de DVDs y CDs… (1 unidad) ",Bulevar,Indalecio Prieto,Número,21,19,Vicálvaro,447278.9,4472321.58
Punto Limpio de Proximidad Pobladura del Valle 13,Punto Limpio de Proximidad,Centro Mayores Pablo Casals,Lunes a domingo: de 9:30 a 14:00 y de 16:00 a 20:30 h.,"Aceite vegetal de cocina (5 Litros)
Ropa y calzado usado (producción doméstica)
Cápsulas de café (producción doméstica)
Radiografías (50 unidades)
Aerosoles (5 unidades)
Pilas alcalinas, salinas y baterías usadas (producción doméstica)
Cartuchos de tinta y tóner (4 unidades)
Bombillas de bajo consumo y tubos fluorescentes (3 unidades)
CD´s, DVD´s, casetes... y sus embalajes (20 unidades)
Cintas de video (20 unidades)
Pequeños aparatos elécrtricos y electrónicos (RAEE´s): ebooks, MP3, MP4, MP5, Ipods, tablets, mandos de televisión, USB´s y teléfonos móviles, lectores de DVDs y CDs… (1 unidad) ",Calle,Pobladura del Valle,Número,13,20,San Blas,447403.43,4475213.67
Punto Limpio de Proximidad Manuel Becerra 8,Punto Limpio de Proximidad,Parque María Eva Duarte de Perón,De 7:00 a 24:00 horas,"Aceite vegetal de cocina (5 Litros)
Ropa y calzado usado (producción doméstica)
Cápsulas de café (producción doméstica)
Radiografías (50 unidades)
Aerosoles (5 unidades)
Pilas alcalinas, salinas y baterías usadas (producción doméstica)
Cartuchos de tinta y tóner (4 unidades)
Bombillas de bajo consumo y tubos fluorescentes (3 unidades)
CD´s, DVD´s, casetes... y sus embalajes (20 unidades)
Cintas de video (20 unidades)
Pequeños aparatos elécrtricos y electrónicos (RAEE´s): ebooks, MP3, MP4, MP5, Ipods, tablets, mandos de televisión, USB´s y teléfonos móviles, lectores de DVDs y CDs… (1 unidad) ",Plaza,Manuel Becerra,Número,8,4,Salamanca,443276.95,4475564.3
Punto Limpio de Proximidad Francos Rodriguez 67,Punto Limpio de Proximidad,Biblioteca Municipal Manuel Vázquez Montalbán,De lunes a viernes de 9:30 a 14:00 y de 15:30 a 20:00  horas. Verano: del 15 de junio al 15 de septiembre de lunes a viernes de 8:30 a 20 horas. Cerrado festivos y los días 24 y 31 de diciembre.,"Aceite vegetal de cocina (5 Litros)
Ropa y calzado usado (producción doméstica)
Cápsulas de café (producción doméstica)
Radiografías (50 unidades)
Aerosoles (5 unidades)
Pilas alcalinas, salinas y baterías usadas (producción doméstica)
Cartuchos de tinta y tóner (4 unidades)
Bombillas de bajo consumo y tubos fluorescentes (3 unidades)
CD´s, DVD´s, casetes... y sus embalajes (20 unidades)
Cintas de video (20 unidades)
Pequeños aparatos elécrtricos y electrónicos (RAEE´s): ebooks, MP3, MP4, MP5, Ipods, tablets, mandos de televisión, USB´s y teléfonos móviles, lectores de DVDs y CDs… (1 unidad) ",Calle,Francos Rodriguez,Número,67,6,Tetuán,439755.53,4478780.64
Punto Limpio de Proximidad Jose del Hierro 5,Punto Limpio de Proximidad,Centro Deportivo Municipal  Concepción,"De lunes a viernes, de 8:30 a 14:30 y de 14:45 a 21:00 horas. Sábados, domingos y festivos: de 8:30 a 15:00 horas. Cerrado Días 24, 25 y 31 de diciembre, 1 de enero y 1 de mayo","Aceite vegetal de cocina (5 Litros)
Ropa y calzado usado (producción doméstica)
Cápsulas de café (producción doméstica)
Radiografías (50 unidades)
Aerosoles (5 unidades)
Pilas alcalinas, salinas y baterías usadas (producción doméstica)
Cartuchos de tinta y tóner (4 unidades)
Bombillas de bajo consumo y tubos fluorescentes (3 unidades)
CD´s, DVD´s, casetes... y sus embalajes (20 unidades)
Cintas de video (20 unidades)
Pequeños aparatos elécrtricos y electrónicos (RAEE´s): ebooks, MP3, MP4, MP5, Ipods, tablets, mandos de televisión, USB´s y teléfonos móviles, lectores de DVDs y CDs… (1 unidad) ",Calle,Jose del Hierro,Número,5,15,Ciudad Lineal,445003.98,4476493.24
Punto Limpio de Proximidad Navío 4,Punto Limpio de Proximidad,Centro Integrado Teresa de Calcuta,"Todos los días, 24 horas. Situado en vía pública","Aceite vegetal de cocina (5 Litros)
Ropa y calzado usado (producción doméstica)
Cápsulas de café (producción doméstica)
Radiografías (50 unidades)
Aerosoles (5 unidades)
Pilas alcalinas, salinas y baterías usadas (producción doméstica)
Cartuchos de tinta y tóner (4 unidades)
Bombillas de bajo consumo y tubos fluorescentes (3 unidades)
CD´s, DVD´s, casetes... y sus embalajes (20 unidades)
Cintas de video (20 unidades)
Pequeños aparatos elécrtricos y electrónicos (RAEE´s): ebooks, MP3, MP4, MP5, Ipods, tablets, mandos de televisión, USB´s y teléfonos móviles, lectores de DVDs y CDs… (1 unidad) ",Plaza,Navío,Número,4,21,Barajas,450174.67,4478461.15
Punto Limpio de Proximidad Pedro Justo Dorado Dellmans 10,Punto Limpio de Proximidad,Parque Almansa,"Todos los días, 24 horas. Situado en vía pública","Aceite vegetal de cocina (5 Litros)
Ropa y calzado usado (producción doméstica)
Cápsulas de café (producción doméstica)
Radiografías (50 unidades)
Aerosoles (5 unidades)
Pilas alcalinas, salinas y baterías usadas (producción doméstica)
Cartuchos de tinta y tóner (4 unidades)
Bombillas de bajo consumo y tubos fluorescentes (3 unidades)
CD´s, DVD´s, casetes... y sus embalajes (20 unidades)
Cintas de video (20 unidades)
Pequeños aparatos elécrtricos y electrónicos (RAEE´s): ebooks, MP3, MP4, MP5, Ipods, tablets, mandos de televisión, USB´s y teléfonos móviles, lectores de DVDs y CDs… (1 unidad) ",Calle,Pedro Justo Dorado Dellmans,Número,10,9,Moncloa-Aravaca,439545.43,4477766.66
Punto Limpio de Proximidad Pio XII 2,Punto Limpio de Proximidad,Centro Deportivo Municipal  Chamartin,"Lunes a viernes de 7 a 22,45 horas, sábados de 8 a 20,45 horas, domingos y festivos de 8 a 14,45 horas. Cerrado Días 25 de diciembre, 1 de enero y 1 de mayo.","Aceite vegetal de cocina (5 Litros)
Ropa y calzado usado (producción doméstica)
Cápsulas de café (producción doméstica)
Radiografías (50 unidades)
Aerosoles (5 unidades)
Pilas alcalinas, salinas y baterías usadas (producción doméstica)
Cartuchos de tinta y tóner (4 unidades)
Bombillas de bajo consumo y tubos fluorescentes (3 unidades)
CD´s, DVD´s, casetes... y sus embalajes (20 unidades)
Cintas de video (20 unidades)
Pequeños aparatos elécrtricos y electrónicos (RAEE´s): ebooks, MP3, MP4, MP5, Ipods, tablets, mandos de televisión, USB´s y teléfonos móviles, lectores de DVDs y CDs… (1 unidad) ",Avenida,Pio XII,Número,2,5,Chamartín,442666.41,4479162
Punto Limpio de Proximidad Encomienda de Palacios 190,Punto Limpio de Proximidad,Centro Deportivo Municipal   Nicanor Barroso,"De 8,15 a 18 horas de Lunes a Viernes.","Aceite vegetal de cocina (5 Litros)
Ropa y calzado usado (producción doméstica)
Cápsulas de café (producción doméstica)
Radiografías (50 unidades)
Aerosoles (5 unidades)
Pilas alcalinas, salinas y baterías usadas (producción doméstica)
Cartuchos de tinta y tóner (4 unidades)
Bombillas de bajo consumo y tubos fluorescentes (3 unidades)
CD´s, DVD´s, casetes... y sus embalajes (20 unidades)
Cintas de video (20 unidades)
Pequeños aparatos elécrtricos y electrónicos (RAEE´s): ebooks, MP3, MP4, MP5, Ipods, tablets, mandos de televisión, USB´s y teléfonos móviles, lectores de DVDs y CDs… (1 unidad) ",Calle,Encomienda de Palacios,Número,190,14,Moratalaz,445516.96,4472229.25
Punto Limpio de Proximidad Valladolid 37,Punto Limpio de Proximidad,Vía Pública,"Todos los días, 24 horas. Situado en vía pública","Aceite vegetal de cocina (5 Litros)
Ropa y calzado usado (producción doméstica)
Cápsulas de café (producción doméstica)
Radiografías (50 unidades)
Aerosoles (5 unidades)
Pilas alcalinas, salinas y baterías usadas (producción doméstica)
Cartuchos de tinta y tóner (4 unidades)
Bombillas de bajo consumo y tubos fluorescentes (3 unidades)
CD´s, DVD´s, casetes... y sus embalajes (20 unidades)
Cintas de video (20 unidades)
Pequeños aparatos elécrtricos y electrónicos (RAEE´s): ebooks, MP3, MP4, MP5, Ipods, tablets, mandos de televisión, USB´s y teléfonos móviles, lectores de DVDs y CDs… (1 unidad) ",Avenida,Valladolid,Número,37,9,Moncloa,438152.4,4475471.99
Punto Limpio de Proximidad Imperial 20,Punto Limpio de Proximidad,Centro Deportivo Municipal  Marqués de Samaranch,"De lunes a viernes, de 9:00 a 22:00 horas. Sábados y domingos, de 9:00 a 21:00 horas","Aceite vegetal de cocina (5 Litros)
Ropa y calzado usado (producción doméstica)
Cápsulas de café (producción doméstica)
Radiografías (50 unidades)
Aerosoles (5 unidades)
Pilas alcalinas, salinas y baterías usadas (producción doméstica)
Cartuchos de tinta y tóner (4 unidades)
Bombillas de bajo consumo y tubos fluorescentes (3 unidades)
CD´s, DVD´s, casetes... y sus embalajes (20 unidades)
Cintas de video (20 unidades)
Pequeños aparatos elécrtricos y electrónicos (RAEE´s): ebooks, MP3, MP4, MP5, Ipods, tablets, mandos de televisión, USB´s y teléfonos móviles, lectores de DVDs y CDs… (1 unidad) ",Paseo,Imperial,Número,20,2,Arganzuela,439132.79,4473248.47
Punto Limpio de Proximidad Pez Austral 6,Punto Limpio de Proximidad,Centro Municipal de Mayores La Estrella,De lunes a viernes: de 9 a 21 horas. Fines de semana: de 10 a 14 horas y de 16 a 21 horas,"Aceite vegetal de cocina (5 Litros)
Ropa y calzado usado (producción doméstica)
Cápsulas de café (producción doméstica)
Radiografías (50 unidades)
Aerosoles (5 unidades)
Pilas alcalinas, salinas y baterías usadas (producción doméstica)
Cartuchos de tinta y tóner (4 unidades)
Bombillas de bajo consumo y tubos fluorescentes (3 unidades)
CD´s, DVD´s, casetes... y sus embalajes (20 unidades)
Cintas de video (20 unidades)
Pequeños aparatos elécrtricos y electrónicos (RAEE´s): ebooks, MP3, MP4, MP5, Ipods, tablets, mandos de televisión, USB´s y teléfonos móviles, lectores de DVDs y CDs… (1 unidad) ",Calle,Pez Austral,Número,6,3,Retiro,443472.86,4473849.45
Punto Limpio de Proximidad Pradera de Vaquerizas 9,Punto Limpio de Proximidad,Centro Cultural Alfredo Kraus,De lunes a viernes de 9 a 14 y de 16 a 21.30 h ,"Aceite vegetal de cocina (5 Litros)
Ropa y calzado usado (producción doméstica)
Cápsulas de café (producción doméstica)
Radiografías (50 unidades)
Aerosoles (5 unidades)
Pilas alcalinas, salinas y baterías usadas (producción doméstica)
Cartuchos de tinta y tóner (4 unidades)
Bombillas de bajo consumo y tubos fluorescentes (3 unidades)
CD´s, DVD´s, casetes... y sus embalajes (20 unidades)
Cintas de video (20 unidades)
Pequeños aparatos elécrtricos y electrónicos (RAEE´s): ebooks, MP3, MP4, MP5, Ipods, tablets, mandos de televisión, USB´s y teléfonos móviles, lectores de DVDs y CDs… (1 unidad) ",Glorieta,Pradera de Vaquerizas,Número,9,8,Fuencarral,438847.13,4482486.68
Punto Limpio de Proximidad Benimamet 137,Punto Limpio de Proximidad,Vía Pública (CD Raul Gonzalez),"Todos los días, 24 horas. Situado en vía pública","Aceite vegetal de cocina (5 Litros)
Ropa y calzado usado (producción doméstica)
Cápsulas de café (producción doméstica)
Radiografías (50 unidades)
Aerosoles (5 unidades)
Pilas alcalinas, salinas y baterías usadas (producción doméstica)
Cartuchos de tinta y tóner (4 unidades)
Bombillas de bajo consumo y tubos fluorescentes (3 unidades)
CD´s, DVD´s, casetes... y sus embalajes (20 unidades)
Cintas de video (20 unidades)
Pequeños aparatos elécrtricos y electrónicos (RAEE´s): ebooks, MP3, MP4, MP5, Ipods, tablets, mandos de televisión, USB´s y teléfonos móviles, lectores de DVDs y CDs… (1 unidad) ",Calle,Benimamet,Número,137,17,Villaverde,441882.48,4466411.18
Punto Limpio de Proximidad General Perón 30,Punto Limpio de Proximidad,Vía Pública,"Todos los días, 24 horas. Situado en vía pública","Aceite vegetal de cocina (5 Litros)
Ropa y calzado usado (producción doméstica)
Cápsulas de café (producción doméstica)
Radiografías (50 unidades)
Aerosoles (5 unidades)
Pilas alcalinas, salinas y baterías usadas (producción doméstica)
Cartuchos de tinta y tóner (4 unidades)
Bombillas de bajo consumo y tubos fluorescentes (3 unidades)
CD´s, DVD´s, casetes... y sus embalajes (20 unidades)
Cintas de video (20 unidades)
Pequeños aparatos elécrtricos y electrónicos (RAEE´s): ebooks, MP3, MP4, MP5, Ipods, tablets, mandos de televisión, USB´s y teléfonos móviles, lectores de DVDs y CDs… (1 unidad) ",Avenida,General Perón,Número,30,6,Tetuán,441104.86,4478171.95
Punto Limpio de Proximidad Niza 8,Punto Limpio de Proximidad,Centro Deportivo Pepu Hernández,"De lunes a viernes, de 8 a 23 horas. Sábados, de 9 a 22 horas. Domingos y festivos, de 9 a 15 horas. ","Aceite vegetal de cocina (5 Litros)
Ropa y calzado usado (producción doméstica)
Cápsulas de café (producción doméstica)
Radiografías (50 unidades)
Aerosoles (5 unidades)
Pilas alcalinas, salinas y baterías usadas (producción doméstica)
Cartuchos de tinta y tóner (4 unidades)
Bombillas de bajo consumo y tubos fluorescentes (3 unidades)
CD´s, DVD´s, casetes... y sus embalajes (20 unidades)
Cintas de video (20 unidades)
Pequeños aparatos elécrtricos y electrónicos (RAEE´s): ebooks, MP3, MP4, MP5, Ipods, tablets, mandos de televisión, USB´s y teléfonos móviles, lectores de DVDs y CDs… (1 unidad) ",Avenida,Niza,Número,8,20,San Blas,448569.64,4475399.24
Punto Limpio de Proximidad Peseta 59,Punto Limpio de Proximidad,Vía Pública (Metro La Peseta),"De lunes a viernes, de 8 a 23 horas. Sábados, de 9 a 22 horas.","Aceite vegetal de cocina (5 Litros)
Ropa y calzado usado (producción doméstica)
Cápsulas de café (producción doméstica)
Radiografías (50 unidades)
Aerosoles (5 unidades)
Pilas alcalinas, salinas y baterías usadas (producción doméstica)
Cartuchos de tinta y tóner (4 unidades)
Bombillas de bajo consumo y tubos fluorescentes (3 unidades)
CD´s, DVD´s, casetes... y sus embalajes (20 unidades)
Cintas de video (20 unidades)
Pequeños aparatos elécrtricos y electrónicos (RAEE´s): ebooks, MP3, MP4, MP5, Ipods, tablets, mandos de televisión, USB´s y teléfonos móviles, lectores de DVDs y CDs… (1 unidad) ",Avenida,Peseta,Número,59,11,Carabanchel,435636.57,4468290.49
Punto Limpio de Proximidad Bacares 24,Punto Limpio de Proximidad,Vía Pública,"Todos los días, 24 horas. Situado en vía pública","Aceite vegetal de cocina (5 Litros)
Ropa y calzado usado (producción doméstica)
Cápsulas de café (producción doméstica)
Radiografías (50 unidades)
Aerosoles (5 unidades)
Pilas alcalinas, salinas y baterías usadas (producción doméstica)
Cartuchos de tinta y tóner (4 unidades)
Bombillas de bajo consumo y tubos fluorescentes (3 unidades)
CD´s, DVD´s, casetes... y sus embalajes (20 unidades)
Cintas de video (20 unidades)
Pequeños aparatos elécrtricos y electrónicos (RAEE´s): ebooks, MP3, MP4, MP5, Ipods, tablets, mandos de televisión, USB´s y teléfonos móviles, lectores de DVDs y CDs… (1 unidad) ",Calle,Bacares,Número,24,16,Hortaleza,443829.3,4480884.7
Punto Limpio de Proximidad Rayo Vallecano de Madrid 2,Punto Limpio de Proximidad,Ciudad Deportiva Rayo Vallecano,"De lunes a viernes, de 8 a 23 horas. Sábados, de 9 a 22 horas. Domingos y festivos, de 9 a 15 horas. ","Aceite vegetal de cocina (5 Litros)
Ropa y calzado usado (producción doméstica)
Cápsulas de café (producción doméstica)
Radiografías (50 unidades)
Aerosoles (5 unidades)
Pilas alcalinas, salinas y baterías usadas (producción doméstica)
Cartuchos de tinta y tóner (4 unidades)
Bombillas de bajo consumo y tubos fluorescentes (3 unidades)
CD´s, DVD´s, casetes... y sus embalajes (20 unidades)
Cintas de video (20 unidades)
Pequeños aparatos elécrtricos y electrónicos (RAEE´s): ebooks, MP3, MP4, MP5, Ipods, tablets, mandos de televisión, USB´s y teléfonos móviles, lectores de DVDs y CDs… (1 unidad) ",Calle,Rayo Vallecano de Madrid,Número,2,18,Villa de Vallecas,448050.5,4469738.79
Punto Limpio de Proximidad Antonia Merced 3,Punto Limpio de Proximidad,Vía Pública,"Todos los días, 24 horas. Situado en vía pública","Aceite vegetal de cocina (5 Litros)
Ropa y calzado usado (producción doméstica)
Cápsulas de café (producción doméstica)
Radiografías (50 unidades)
Aerosoles (5 unidades)
Pilas alcalinas, salinas y baterías usadas (producción doméstica)
Cartuchos de tinta y tóner (4 unidades)
Bombillas de bajo consumo y tubos fluorescentes (3 unidades)
CD´s, DVD´s, casetes... y sus embalajes (20 unidades)
Cintas de video (20 unidades)
Pequeños aparatos elécrtricos y electrónicos (RAEE´s): ebooks, MP3, MP4, MP5, Ipods, tablets, mandos de televisión, USB´s y teléfonos móviles, lectores de DVDs y CDs… (1 unidad) ",Calle,Antonia Merced,Número,3,4,Salamanca,442860.56,4474994.99
Punto Limpio de Proximidad Las Fuerzas Armadas 10,Punto Limpio de Proximidad,Parque Forestal Valdebebas (entrada 6 - Acceso Plaza del Reloj),"Todos los días, 24 horas. Situado en vía pública","Aceite vegetal de cocina (5 Litros)
Ropa y calzado usado (producción doméstica)
Cápsulas de café (producción doméstica)
Radiografías (50 unidades)
Aerosoles (5 unidades)
Pilas alcalinas, salinas y baterías usadas (producción doméstica)
Cartuchos de tinta y tóner (4 unidades)
Bombillas de bajo consumo y tubos fluorescentes (3 unidades)
CD´s, DVD´s, casetes... y sus embalajes (20 unidades)
Cintas de video (20 unidades)
Pequeños aparatos elécrtricos y electrónicos (RAEE´s): ebooks, MP3, MP4, MP5, Ipods, tablets, mandos de televisión, USB´s y teléfonos móviles, lectores de DVDs y CDs… (1 unidad) ",Avenida,Las Fuerzas Armadas,Número,10,16,Hortaleza,445957.91,4481824.77
Punto Limpio de Proximidad Padre Damián 26,Punto Limpio de Proximidad,Instalación Deportiva Municipal Básica Padre Damián,"De lunes a viernes, de 9:00 a 22:00 horas. Sábados y domingos, de 9:00 a 21:00 horas","Aceite vegetal de cocina (5 Litros)
Ropa y calzado usado (producción doméstica)
Cápsulas de café (producción doméstica)
Radiografías (50 unidades)
Aerosoles (5 unidades)
Pilas alcalinas, salinas y baterías usadas (producción doméstica)
Cartuchos de tinta y tóner (4 unidades)
Bombillas de bajo consumo y tubos fluorescentes (3 unidades)
CD´s, DVD´s, casetes... y sus embalajes (20 unidades)
Cintas de video (20 unidades)
Pequeños aparatos elécrtricos y electrónicos (RAEE´s): ebooks, MP3, MP4, MP5, Ipods, tablets, mandos de televisión, USB´s y teléfonos móviles, lectores de DVDs y CDs… (1 unidad) ",Calle,Padre Damián,Número,26,5,Chamartín,441827.77,4478668.02
Punto Limpio de Proximidad Medina De Pomar 1,Punto Limpio de Proximidad,Vía Pública,"Todos los días, 24 horas. Situado en vía pública","Aceite vegetal de cocina (5 Litros)
Ropa y calzado usado (producción doméstica)
Cápsulas de café (producción doméstica)
Radiografías (50 unidades)
Aerosoles (5 unidades)
Pilas alcalinas, salinas y baterías usadas (producción doméstica)
Cartuchos de tinta y tóner (4 unidades)
Bombillas de bajo consumo y tubos fluorescentes (3 unidades)
CD´s, DVD´s, casetes... y sus embalajes (20 unidades)
Cintas de video (20 unidades)
Pequeños aparatos elécrtricos y electrónicos (RAEE´s): ebooks, MP3, MP4, MP5, Ipods, tablets, mandos de televisión, USB´s y teléfonos móviles, lectores de DVDs y CDs… (1 unidad) ",Calle,Medina De Pomar,Número,1,21,Barajas,450425.9,4477949.72
Punto Limpio de Proximidad Don Antonio de Andrés 15,Punto Limpio de Proximidad,Vía Pública (Junta Municipal de Distrito de Vicalvaro),"Todos los días, 24 horas. Situado en vía pública","Aceite vegetal de cocina (5 Litros)
Ropa y calzado usado (producción doméstica)
Cápsulas de café (producción doméstica)
Radiografías (50 unidades)
Aerosoles (5 unidades)
Pilas alcalinas, salinas y baterías usadas (producción doméstica)
Cartuchos de tinta y tóner (4 unidades)
Bombillas de bajo consumo y tubos fluorescentes (3 unidades)
CD´s, DVD´s, casetes... y sus embalajes (20 unidades)
Cintas de video (20 unidades)
Pequeños aparatos elécrtricos y electrónicos (RAEE´s): ebooks, MP3, MP4, MP5, Ipods, tablets, mandos de televisión, USB´s y teléfonos móviles, lectores de DVDs y CDs… (1 unidad) ",Plaza,Don Antonio de Andrés,Número,15,19,Vicálvaro,448613.49,4472588.75
Punto Limpio de Proximidad Perales 90,Punto Limpio de Proximidad,Parque Lineal del Manzanares (Puerta Principal),"Todos los días, 24 horas.","Aceite vegetal de cocina (5 Litros)
Ropa y calzado usado (producción doméstica)
Cápsulas de café (producción doméstica)
Radiografías (50 unidades)
Aerosoles (5 unidades)
Pilas alcalinas, salinas y baterías usadas (producción doméstica)
Cartuchos de tinta y tóner (4 unidades)
Bombillas de bajo consumo y tubos fluorescentes (3 unidades)
CD´s, DVD´s, casetes... y sus embalajes (20 unidades)
Cintas de video (20 unidades)
Pequeños aparatos elécrtricos y electrónicos (RAEE´s): ebooks, MP3, MP4, MP5, Ipods, tablets, mandos de televisión, USB´s y teléfonos móviles, lectores de DVDs y CDs… (1 unidad) ",Camino,Perales,Número,90,12,Usera,441443.89,4469915.38
Punto Limpio de Proximidad Gran Vía de San Francisco 21,Punto Limpio de Proximidad,Via publica (Frente al Parque Dalieda de San Francisco),"Todos los días, 24 horas. Situado en vía pública","Aceite vegetal de cocina (5 Litros)
Ropa y calzado usado (producción doméstica)
Cápsulas de café (producción doméstica)
Radiografías (50 unidades)
Aerosoles (5 unidades)
Pilas alcalinas, salinas y baterías usadas (producción doméstica)
Cartuchos de tinta y tóner (4 unidades)
Bombillas de bajo consumo y tubos fluorescentes (3 unidades)
CD´s, DVD´s, casetes... y sus embalajes (20 unidades)
Cintas de video (20 unidades)
Pequeños aparatos elécrtricos y electrónicos (RAEE´s): ebooks, MP3, MP4, MP5, Ipods, tablets, mandos de televisión, USB´s y teléfonos móviles, lectores de DVDs y CDs… (1 unidad) ",Avenida,Gran Vía de San Francisco,Número,21,1,Centro,439426.2556,4473509.455
Punto Limpio de Proximidad Ciudad de Plasencia s/n,Punto Limpio de Proximidad,Parque Atenas,"Todos los días, 24 horas.","Aceite vegetal de cocina (5 Litros)
Ropa y calzado usado (producción doméstica)
Cápsulas de café (producción doméstica)
Radiografías (50 unidades)
Aerosoles (5 unidades)
Pilas alcalinas, salinas y baterías usadas (producción doméstica)
Cartuchos de tinta y tóner (4 unidades)
Bombillas de bajo consumo y tubos fluorescentes (3 unidades)
CD´s, DVD´s, casetes... y sus embalajes (20 unidades)
Cintas de video (20 unidades)
Pequeños aparatos elécrtricos y electrónicos (RAEE´s): ebooks, MP3, MP4, MP5, Ipods, tablets, mandos de televisión, USB´s y teléfonos móviles, lectores de DVDs y CDs… (1 unidad) ",Paseo,Ciudad de Plasencia,Número,s/n,1,Centro,438994.2419,4474054.56
Punto Limpio de Proximidad Lanceros 2,Punto Limpio de Proximidad,Jardines del Teniente Coronel Vesteiro,"Todos los días, 24 horas. Situado en vía pública","Aceite vegetal de cocina (5 Litros)
Ropa y calzado usado (producción doméstica)
Cápsulas de café (producción doméstica)
Radiografías (50 unidades)
Aerosoles (5 unidades)
Pilas alcalinas, salinas y baterías usadas (producción doméstica)
Cartuchos de tinta y tóner (4 unidades)
Bombillas de bajo consumo y tubos fluorescentes (3 unidades)
CD´s, DVD´s, casetes... y sus embalajes (20 unidades)
Cintas de video (20 unidades)
Pequeños aparatos elécrtricos y electrónicos (RAEE´s): ebooks, MP3, MP4, MP5, Ipods, tablets, mandos de televisión, USB´s y teléfonos móviles, lectores de DVDs y CDs… (1 unidad) ",Paseo,Lanceros,Número,2,10,Latina,432654.3042,4470153.43
Punto Limpio de Proximidad Los Andes 46,Punto Limpio de Proximidad,Vía Pública,"Todos los días, 24 horas. Situado en vía pública","Aceite vegetal de cocina (5 Litros)
Ropa y calzado usado (producción doméstica)
Cápsulas de café (producción doméstica)
Radiografías (50 unidades)
Aerosoles (5 unidades)
Pilas alcalinas, salinas y baterías usadas (producción doméstica)
Cartuchos de tinta y tóner (4 unidades)
Bombillas de bajo consumo y tubos fluorescentes (3 unidades)
CD´s, DVD´s, casetes... y sus embalajes (20 unidades)
Cintas de video (20 unidades)
Pequeños aparatos elécrtricos y electrónicos (RAEE´s): ebooks, MP3, MP4, MP5, Ipods, tablets, mandos de televisión, USB´s y teléfonos móviles, lectores de DVDs y CDs… (1 unidad) ",Avenida,Los Andes,Número,46,16,Hortaleza,447512.28,4478527.18
